hii,Growing a vegetable garden allows you to enjoy fresh produce and connect with nature.,13-03-2025 23:00:01
hello,Nothing much,13-03-2025 23:00:13
tell me about yourself,"Reading books can broaden your knowledge, enhance creativity, and provide a great way to relax.",13-03-2025 23:00:27
tell me about yourself,"As an AI, I don't have personal preferences, but there are countless amazing books in various genres. Some popular ones include Harry Potter, To Kill a Mockingbird, and 1984.",13-03-2025 23:03:48
hii,Growing a vegetable garden allows you to enjoy fresh produce and connect with nature.,13-03-2025 23:04:03
hi,Hey,13-03-2025 23:04:08
hello,"I'm fine, thank you",13-03-2025 23:04:14
what is budget,My purpose is to assist you,13-03-2025 23:04:31
hi,Hi there,13-03-2025 23:06:41
goodby,Growing a vegetable garden allows you to enjoy fresh produce and connect with nature.,13-03-2025 23:08:25
goodbye,Take care,13-03-2025 23:08:32
hi,Hi there,13-03-2025   23:12:22
hi,Nothing much,13-03-2025   23:22:56
hello,Hey,13-03-2025   23:26:45
bye,See you later,13-03-2025   23:26:51
hey,Hi there,13-03-2025  23:33:15
hii,"Gardening tips include choosing the right plants for your climate, watering properly, and using organic fertilizers.",13-03-2025 23:37:05
hi,Nothing much,13-03-2025 23:37:08
hello,Hey,13-03-2025 23:37:13
hi,Hi there,13-03-2025 23:41:15
hey,Hey,13-03-2025 23:41:21
hello,Hi there,13-03-2025 23:41:25
goodby,Growing a vegetable garden allows you to enjoy fresh produce and connect with nature.,13-03-2025 23:41:32
goodbye,Goodbye,13-03-2025 23:41:35
tell me about yourself,"Reading books can broaden your knowledge, enhance creativity, and provide a great way to relax.",13-03-2025 23:41:58
what are you,I am a chatbot,13-03-2025 23:42:13
help,How can I assist you?,13-03-2025 23:42:20
hey,"I'm fine, thank you",13-03-2025 23:58:25
bye,See you later,13-03-2025 23:58:37
by,"Gardening tips include choosing the right plants for your climate, watering properly, and using organic fertilizers.",13-03-2025 23:58:45
goodbye,See you later,13-03-2025 23:58:51
hey,Hello,14-03-2025 00:00:07
goo,"Gardening tips include choosing the right plants for your climate, watering properly, and using organic fertilizers.",14-03-2025 00:00:13
goodbye,Take care,14-03-2025 00:00:18
